<keymap version="1" name="Eclipse copy" parent="Eclipse">
  <action id="ActivateNotesToolWindow">
    <keyboard-shortcut first-keystroke="ctrl alt n" />
  </action>
  <action id="CloseActiveTab">
    <keyboard-shortcut first-keystroke="ctrl f4" />
  </action>
  <action id="CloseContent">
    <keyboard-shortcut first-keystroke="ctrl w" />
  </action>
  <action id="FindNext" />
  <action id="FindWordAtCaret">
    <keyboard-shortcut first-keystroke="ctrl f12" />
    <keyboard-shortcut first-keystroke="ctrl k" />
  </action>
  <action id="Git.Branches">
    <keyboard-shortcut first-keystroke="alt b" />
  </action>
  <action id="Git.Fetch">
    <keyboard-shortcut first-keystroke="alt f" />
  </action>
  <action id="Git.Pull">
    <keyboard-shortcut first-keystroke="alt p" />
  </action>
  <action id="IdeScriptingConsole">
    <keyboard-shortcut first-keystroke="alt c" />
  </action>
  <action id="Images.Thumbnails.Hide">
    <keyboard-shortcut first-keystroke="ctrl w" />
  </action>
  <action id="SwitchApply">
    <keyboard-shortcut first-keystroke="shift alt enter" />
  </action>
  <action id="SwitchDown">
    <keyboard-shortcut first-keystroke="shift alt down" />
  </action>
  <action id="SwitchLeft">
    <keyboard-shortcut first-keystroke="shift alt left" />
  </action>
  <action id="SwitchRight">
    <keyboard-shortcut first-keystroke="shift alt right" />
  </action>
  <action id="SwitchUp">
    <keyboard-shortcut first-keystroke="shift alt up" />
  </action>
  <action id="ToggleFullScreen">
    <keyboard-shortcut first-keystroke="f11" />
  </action>
  <action id="Vcs.Push" />
  <action id="WebOpenInAction">
    <keyboard-shortcut first-keystroke="alt f2" />
    <keyboard-shortcut first-keystroke="ctrl alt w" />
  </action>
</keymap>