<application>
  <component name="libraryTable">
    <library name="require" type="javaScript">
      <properties>
        <sourceFilesUrls>
          <item url="file://$APPLICATION_CONFIG_DIR$/javascript/extLibs/http_cdnjs.cloudflare.com_ajax_libs_require.js_2.3.6_require.js" />
          <item url="file://$APPLICATION_CONFIG_DIR$/javascript/extLibs/http_requirejs.org_docs_release_2.3.5_minified_require.js" />
        </sourceFilesUrls>
      </properties>
      <CLASSES>
        <root url="file://$APPLICATION_CONFIG_DIR$/javascript/extLibs/http_cdnjs.cloudflare.com_ajax_libs_require.js_2.3.6_require.js" />
        <root url="file://$APPLICATION_CONFIG_DIR$/javascript/extLibs/http_requirejs.org_docs_release_2.3.5_minified_require.js" />
      </CLASSES>
      <SOURCES />
    </library>
  </component>
</application>