<application>
  <component name="FindSettings">
    <option name="caseSensitive" value="true" />
    <option name="customScope" value="All Places" />
    <option name="defaultScopeName" value="All Places" />
    <option name="wholeWordsOnly" value="true" />
    <option name="CASE_SENSITIVE_SEARCH" value="true" />
    <option name="WHOLE_WORDS_ONLY" value="true" />
    <option name="SEARCH_SCOPE" value="All Places" />
    <mask>*.properties</mask>
    <mask>*.jsp</mask>
    <mask>*.xml</mask>
    <mask>*.java</mask>
    <mask>*.as</mask>
    <mask>*.mxml</mask>
    <mask>`</mask>
    <mask>*.json`</mask>
    <mask>*.</mask>
    <mask>*re*.js</mask>
    <mask>*.css</mask>
    <mask>*.html</mask>
    <mask>*.js,*.json</mask>
    <mask>*.scss</mask>
    <mask>*.stories.js</mask>
    <mask>*.jsx</mask>
    <mask>*.js</mask>
    <mask>*.test.js</mask>
    <mask>*.json</mask>
  </component>
</application>